{"2016-11": {"codes": ["600718.XSHG", "002027.XSHE", "000895.XSHE", "603885.XSHG", "300015.XSHE", "600900.XSHG", "002294.XSHE", "600867.XSHG", "000333.XSHE", "002304.XSHE"], "weights": [0.13793858201204953, 0.04172185943869991, 0.07611539024705143, 0.10818487101071121, 0.1243746059725675, 0.16626594029419098, 0.056285055758637605, 0.10443095742997109, 0.07747914865750039, 0.10720358917862034]}, "2016-12": {"codes": ["002027.XSHE", "002415.XSHE", "600066.XSHG", "300015.XSHE", "600900.XSHG", "300124.XSHE", "601021.XSHG", "000333.XSHE", "002304.XSHE", "002241.XSHE"], "weights": [0.03107825074914133, 0.15316182125813108, 0.07360116951420181, 0.10664813801208489, 0.15954003814116213, 0.09757269859163793, 0.12641558443681605, 0.06217471159082276, 0.12257442452471551, 0.06723316318128636]}, "2017-01": {"codes": ["300033.XSHE", "002466.XSHE", "600066.XSHG", "300015.XSHE", "300124.XSHE", "002081.XSHE", "002236.XSHE", "600104.XSHG", "002142.XSHE", "600036.XSHG"], "weights": [0.07157235694361733, 0.09583627963470914, 0.1406872819420125, 0.11238552655785919, 0.12737058826307207, 0.06724677239456267, 0.11156753477114581, 0.0823202751226579, 0.08462113134271008, 0.10639225302765339]}, "2017-02": {"codes": ["600718.XSHG", "300033.XSHE", "002466.XSHE", "600066.XSHG", "600309.XSHG", "000895.XSHE", "603885.XSHG", "300015.XSHE", "300072.XSHE", "600900.XSHG"], "weights": [0.07412877795161735, 0.060619029437834225, 0.06477162262709528, 0.14723716367952916, 0.06589004703967835, 0.1572082085204783, 0.074930042959919, 0.09744139574886394, 0.050228969786151614, 0.20754474224883282]}, "2017-03": {"codes": ["002027.XSHE", "601155.XSHG", "002466.XSHE", "600029.XSHG", "600674.XSHG", "300072.XSHE", "601877.XSHG", "600867.XSHG", "002304.XSHE", "002241.XSHE"], "weights": [0.048118260924367134, 0.058981082234311116, 0.0597504410846006, 0.11336714379855464, 0.19154892140887247, 0.09927891187840089, 0.10471645207467979, 0.15567163163618616, 0.043724960165672684, 0.12484219479435447]}, "2017-04": {"codes": ["000651.XSHE", "000503.XSHE", "000895.XSHE", "601633.XSHG", "002241.XSHE", "002304.XSHE", "002236.XSHE", "600582.XSHG", "600372.XSHG", "000826.XSHE"], "weights": [0.08505661706197531, 0.03855147419102073, 0.10398277251743075, 0.1080909706377714, 0.11926743996454002, 0.14282381539478678, 0.05765786770493782, 0.07381485450231652, 0.09121565142121392, 0.1795385366040068]}, "2017-05": {"codes": ["600887.XSHG", "000651.XSHE", "600373.XSHG", "600297.XSHG", "601009.XSHG", "000338.XSHE", "600196.XSHG", "603993.XSHG", "000725.XSHE", "300017.XSHE"], "weights": [0.08641019311852526, 0.06538977814057419, 0.07214950462670003, 0.0638905581477227, 0.09754374362014237, 0.1493453031900215, 0.07074511961103526, 0.03683037463519725, 0.28981177850180445, 0.067883646408277]}, "2017-06": {"codes": ["601225.XSHG", "600415.XSHG", "600340.XSHG", "601888.XSHG", "603885.XSHG", "600867.XSHG", "601127.XSHG", "002424.XSHE", "600016.XSHG", "601899.XSHG"], "weights": [0.06550948597449895, 0.09922764208243849, 0.036209958606391625, 0.10821023956045182, 0.08795486245515821, 0.1917559882476182, 0.08181564198356259, 0.07215063353580814, 0.10601006339687777, 0.15115548415719426]}, "2017-07": {"codes": ["002714.XSHE", "002304.XSHE", "002466.XSHE", "600519.XSHG", "600887.XSHG", "000963.XSHE", "000651.XSHE", "000568.XSHE", "000333.XSHE", "600415.XSHG"], "weights": [0.0891541386346902, 0.16179774684380605, 0.047960192234099266, 0.1296401454147947, 0.08725435772504332, 0.09348190055143121, 0.07818004130356447, 0.11836743563910092, 0.056878988016209796, 0.13728505363726015]}, "2017-08": {"codes": ["002304.XSHE", "002555.XSHE", "600887.XSHG", "000963.XSHE", "000568.XSHE", "600415.XSHG", "601318.XSHG", "601888.XSHG", "000559.XSHE", "000538.XSHE"], "weights": [0.08323766722096779, 0.05195918115223534, 0.07185020653660915, 0.12894131237633696, 0.06511999674256343, 0.2636218282017927, 0.07135149824074508, 0.07268125803371538, 0.06467465007934922, 0.12656240141568492]}, "2017-09": {"codes": ["002008.XSHE", "002602.XSHE", "603160.XSHG", "000651.XSHE", "000333.XSHE", "002236.XSHE", "002508.XSHE", "002555.XSHE", "600570.XSHG", "002415.XSHE"], "weights": [0.09644091745280378, 0.1555763494449114, 0.10562660655404352, 0.13851250013999125, 0.09406405006545263, 0.07346351738293297, 0.11900261405677284, 0.04973354240256619, 0.05295268742538866, 0.11462721507513655]}, "2017-10": {"codes": ["600309.XSHG", "002008.XSHE", "000651.XSHE", "002466.XSHE", "002555.XSHE", "600570.XSHG", "600887.XSHG", "002714.XSHE", "000963.XSHE", "000568.XSHE"], "weights": [0.07362864971242156, 0.09985475296200245, 0.13185593112754843, 0.06896920051529674, 0.09005763015066519, 0.05731310884109475, 0.136624968966178, 0.04591473900193422, 0.174690371566373, 0.12109064715648546]}, "2017-11": {"codes": ["002008.XSHE", "002508.XSHE", "600674.XSHG", "002352.XSHE", "000069.XSHE", "000333.XSHE", "600406.XSHG", "002044.XSHE", "600276.XSHG", "600352.XSHG"], "weights": [0.10055465776246471, 0.04848552868953707, 0.15059454389958363, 0.11764892472456576, 0.048646968753396344, 0.07285623792438958, 0.13038501109918044, 0.0727482583740523, 0.14026305196678507, 0.11781681680604528]}, "2017-12": {"codes": ["000651.XSHE", "603160.XSHG", "600674.XSHG", "600406.XSHG", "600660.XSHG", "601985.XSHG", "000002.XSHE", "600196.XSHG", "601988.XSHG", "600522.XSHG"], "weights": [0.09630848680987344, 0.0366835969880793, 0.1626210824466977, 0.05391736706273386, 0.09723753033511072, 0.2152950147961177, 0.06882602920578666, 0.05873768171765983, 0.14816738130060536, 0.06220582933733541]}, "2018-01": {"codes": ["002027.XSHE", "002841.XSHE", "603160.XSHG", "603799.XSHG", "002508.XSHE", "600887.XSHG", "300124.XSHE", "600406.XSHG", "601155.XSHG"], "weights": [0.10069787281172463, 0.09562365516791452, 0.030840505113790766, 0.04868829831804265, 0.07192913056102927, 0.06371870943189953, 0.0949207191564298, 0.26037160741916454, 0.23320950202000432]}, "2018-02": {"codes": ["600309.XSHG", "600519.XSHG", "002008.XSHE", "601012.XSHG", "600115.XSHG", "002714.XSHE", "000538.XSHE", "601318.XSHG", "000723.XSHE", "002241.XSHE"], "weights": [0.9999997094821598, 2.2782145514280953e-08, 2.1218066290352567e-08, 1.6657834501067805e-08, 2.4796811003507546e-08, 2.1407252304517902e-08, 6.041962726717327e-08, 2.2216471588917093e-08, 6.369168378564143e-08, 3.732794785888639e-08]}, "2018-03": {"codes": ["002415.XSHE", "603160.XSHG", "300015.XSHE", "601021.XSHG", "601225.XSHG", "601155.XSHG", "600703.XSHG", "601888.XSHG", "002146.XSHE"], "weights": [0.15913747966470282, 0.12566668604804648, 0.1165138225015649, 0.1737600752744639, 0.0917508432546845, 0.04739453825628868, 0.09375913841020857, 0.1236868583278885, 0.06833055826215173]}, "2018-04": {"codes": ["601155.XSHG", "000002.XSHE", "300136.XSHE", "600018.XSHG", "002236.XSHE", "600066.XSHG", "000423.XSHE", "300015.XSHE", "000895.XSHE"], "weights": [0.061688235487175114, 0.08999587163761263, 0.05064615448441276, 0.13465705712876147, 0.07344968929109454, 0.14358444466548131, 0.23352465390009214, 0.1273875077511105, 0.08506638565425961]}, "2018-05": {"codes": ["000651.XSHE", "002466.XSHE", "600741.XSHG", "600276.XSHG", "600031.XSHG", "002841.XSHE", "601336.XSHG", "601006.XSHG", "603993.XSHG"], "weights": [0.0916939268525413, 0.06866158267480185, 0.17486667634366998, 0.16242814486353663, 0.10614180573423487, 0.10386853815393508, 0.07768048218205607, 0.12491591161632128, 0.08974293157890316]}, "2018-06": {"codes": ["002460.XSHE", "600741.XSHG", "601318.XSHG", "002008.XSHE", "002601.XSHE", "601166.XSHG", "002558.XSHE"], "weights": [0.07404381365613773, 0.157330164443868, 0.13456502436735993, 0.08971558109529977, 0.07339679909210828, 0.3561039467335696, 0.11484467061165672]}, "2018-07": {"codes": ["000858.XSHE", "601888.XSHG", "600436.XSHG", "000568.XSHE", "600690.XSHG", "600276.XSHG", "002468.XSHE", "601238.XSHG", "600332.XSHG", "601997.XSHG"],